<?xml version="1.0" encoding="UTF-8"?>
<beans xmlns="http://www.springframework.org/schema/beans"
	xmlns:xsi="http://www.w3.org/2001/XMLSchema-instance" xmlns:mvc="http://www.springframework.org/schema/mvc"
	xmlns:context="http://www.springframework.org/schema/context"
	xmlns:aop="http://www.springframework.org/schema/aop" xmlns:tx="http://www.springframework.org/schema/tx"
	xsi:schemaLocation="http://www.springframework.org/schema/beans
    http://www.springframework.org/schema/beans/spring-beans-3.2.xsd
    http://www.springframework.org/schema/mvc
    http://www.springframework.org/schema/mvc/spring-mvc-3.2.xsd
    http://www.springframework.org/schema/context
    http://www.springframework.org/schema/context/spring-context-3.2.xsd
    http://www.springframework.org/schema/aop
    http://www.springframework.org/schema/aop/spring-aop-3.2.xsd
    http://www.springframework.org/schema/tx
    http://www.springframework.org/schema/tx/spring-tx-3.2.xsd ">
<bean id="MessageService" class="service.impl.MessageServiceImpl"></bean>
<bean id="FileService" class="service.impl.FileServiceImpl"></bean>
<bean id="PropertiesUtil" class="utils.PropertiesUtil"></bean>
<bean id="doFile" class="utils.doFile"></bean>
<bean id="ActivityService" class="service.impl.ActivityServiceImpl"></bean>
<bean id="UserService" class="service.impl.UserServiceImpl"></bean>
<bean id="SignService" class="service.impl.SignServiceImpl"></bean>
<bean id="TaskService" class="service.impl.TaskServiceImpl"></bean>
<bean id="announcementService" class="service.impl.AnnouncementServiceImpl"></bean>
<bean id="MailService" class="service.impl.MailServiceImpl"></bean>
<bean id="DueService" class="service.impl.DueServiceImpl"></bean>
<bean id="DueActivityService" class="service.impl.DueActivityServiceImpl"></bean>
</beans>