<?xml version="1.0" encoding="UTF-8"?>
<beans xmlns="http://www.springframework.org/schema/beans"
	xmlns:xsi="http://www.w3.org/2001/XMLSchema-instance" xmlns:mvc="http://www.springframework.org/schema/mvc"
	xmlns:context="http://www.springframework.org/schema/context"
	xmlns:aop="http://www.springframework.org/schema/aop" xmlns:tx="http://www.springframework.org/schema/tx"
	xmlns:task="http://www.springframework.org/schema/task"
	xsi:schemaLocation="http://www.springframework.org/schema/beans
    http://www.springframework.org/schema/beans/spring-beans-3.2.xsd
    http://www.springframework.org/schema/mvc
    http://www.springframework.org/schema/mvc/spring-mvc-3.2.xsd
    http://www.springframework.org/schema/context
    http://www.springframework.org/schema/context/spring-context-3.2.xsd
    http://www.springframework.org/schema/aop
    http://www.springframework.org/schema/aop/spring-aop-3.2.xsd
    http://www.springframework.org/schema/tx
    http://www.springframework.org/schema/tx/spring-tx-3.2.xsd 
    http://www.springframework.org/schema/task
	http://www.springframework.org/schema/task/spring-task-3.2.xsd ">
	<!-- 使用组件扫描 -->
	<context:component-scan base-package="controller"></context:component-scan>
	<!-- 注解映射器和注解适配器 -->
	<mvc:annotation-driven conversion-service="conversionService">
    </mvc:annotation-driven>
    <!-- 设置定时任务 -->
    <task:annotation-driven/>
	<!-- 视图解析器 -->
	<bean
		class="org.springframework.web.servlet.view.InternalResourceViewResolver">
		<property name="prefix" value="/WEB-INF/"></property>
		<property name="suffix" value=".jsp"></property>
		</bean>
	<!-- 自定义参数绑定 -->
	<bean id="conversionService" class="org.springframework.format.support.FormattingConversionServiceFactoryBean">
		<!-- 转换器 -->
		<property name="converters">
			<list>
				<bean class="controller.converter.DateConverter"/>
			</list>
		</property>
	</bean>	
	<!-- 全局异常处理器 -->
	<bean class="Exception.UserExceptionResolver"></bean>
	<!-- 文件上传 -->
	<bean id="multipartResolver" class="org.springframework.web.multipart.commons.CommonsMultipartResolver">
		<property name="maxUploadSize">
			<value>5242880</value>
		</property>
	</bean>
	<!-- 配置全局的拦截器 -->
	<mvc:interceptors>
		<mvc:interceptor>
			<mvc:mapping path="/**"/>
			<bean class="filter.interceptor.LoginInterceptor"></bean>
		</mvc:interceptor>
	</mvc:interceptors>  
</beans>