<?xml version="1.0" encoding="UTF-8"?>
<!DOCTYPE mapper PUBLIC "-//mybatis.org//DTD Mapper 3.0//EN" "http://mybatis.org/dtd/mybatis-3-mapper.dtd">
<mapper namespace="mapper.ActivityMapper">
   <resultMap id="BaseResultMap" type="po.Activity" >
    <id column="AC_ID" property="acId" jdbcType="INTEGER" />
    <result column="AC_TYPE" property="acType" jdbcType="VARCHAR" />
    <result column="AC_CRE_ID" property="acCreId" jdbcType="VARCHAR" />
    <result column="AC_CRE_DATE" property="acCreDate" jdbcType="TIMESTAMP" />
    <result column="AC_DUE_DATE" property="acDueDate" jdbcType="TIMESTAMP" />
    <result column="AC_SIG_DUE_DATE" property="acSigDueDate" jdbcType="TIMESTAMP" />
    <result column="AC_TITLE" property="acTitle" jdbcType="VARCHAR" />
    <result column="AC_DESC" property="acDesc" jdbcType="VARCHAR" />
    <result column="AC_DOC_ID" property="acDocId" jdbcType="VARCHAR" />
    <result column="AC_DOC1_NAME" property="acDoc1Name" jdbcType="VARCHAR" />
    <result column="AC_DOC2_NAME" property="acDoc2Name" jdbcType="VARCHAR" />
    <result column="AC_DOC3_NAME" property="acDoc3Name" jdbcType="VARCHAR" />
    <result column="AC_SIG_NUM" property="acSigNum" jdbcType="INTEGER" />
    <result column="AC_STATUS" property="acStatus" jdbcType="CHAR" />
    <result column="AC_ACADEMY" property="acAcademy" jdbcType="VARCHAR" />
  </resultMap>
  <resultMap id="ResultMap1" type="po.ActivityCustom1" >
     <id column="AC_ID" jdbcType="INTEGER" property="acId" />
    <result column="AC_TYPE" jdbcType="VARCHAR" property="acType" />
    <result column="AC_CRE_ID" jdbcType="VARCHAR" property="acCreId" />
    <result column="AC_CRE_DATE" jdbcType="TIMESTAMP" property="acCreDate" />
    <result column="AC_DUE_DATE" jdbcType="TIMESTAMP" property="acDueDate" />
    <result column="AC_SIG_DUE_DATE" jdbcType="TIMESTAMP" property="acSigDueDate" />
    <result column="AC_TITLE" jdbcType="VARCHAR" property="acTitle" />
    <result column="AC_DESC" jdbcType="VARCHAR" property="acDesc" />
    <result column="AC_DOC_ID" jdbcType="VARCHAR" property="acDocId" />
    <result column="AC_DOC1_NAME" jdbcType="VARCHAR" property="acDoc1Name" />
    <result column="AC_DOC2_NAME" jdbcType="VARCHAR" property="acDoc2Name" />
    <result column="AC_DOC3_NAME" jdbcType="VARCHAR" property="acDoc3Name" />
    <result column="AC_SIG_NUM" jdbcType="INTEGER" property="acSigNum" />
    <result column="AC_STATUS" jdbcType="CHAR" property="acStatus" />
    <result column="SIG_STATUS" property="sigStatus" jdbcType="CHAR" />
     <result column="AC_ACADEMY" property="acAcademy" jdbcType="VARCHAR" />
    </resultMap>
  <sql id="Example_Where_Clause">
    <where>
      <foreach collection="oredCriteria" item="criteria" separator="or">
        <if test="criteria.valid">
          <trim prefix="(" prefixOverrides="and" suffix=")">
            <foreach collection="criteria.criteria" item="criterion">
              <choose>
                <when test="criterion.noValue">
                  and ${criterion.condition}
                </when>
                <when test="criterion.singleValue">
                  and ${criterion.condition} #{criterion.value}
                </when>
                <when test="criterion.betweenValue">
                  and ${criterion.condition} #{criterion.value} and #{criterion.secondValue}
                </when>
                <when test="criterion.listValue">
                  and ${criterion.condition}
                  <foreach close=")" collection="criterion.value" item="listItem" open="(" separator=",">
                    #{listItem}
                  </foreach>
                </when>
              </choose>
            </foreach>
          </trim>
        </if>
      </foreach>
    </where>
  </sql>
  <sql id="Update_By_Example_Where_Clause">
    <where>
      <foreach collection="example.oredCriteria" item="criteria" separator="or">
        <if test="criteria.valid">
          <trim prefix="(" prefixOverrides="and" suffix=")">
            <foreach collection="criteria.criteria" item="criterion">
              <choose>
                <when test="criterion.noValue">
                  and ${criterion.condition}
                </when>
                <when test="criterion.singleValue">
                  and ${criterion.condition} #{criterion.value}
                </when>
                <when test="criterion.betweenValue">
                  and ${criterion.condition} #{criterion.value} and #{criterion.secondValue}
                </when>
                <when test="criterion.listValue">
                  and ${criterion.condition}
                  <foreach close=")" collection="criterion.value" item="listItem" open="(" separator=",">
                    #{listItem}
                  </foreach>
                </when>
              </choose>
            </foreach>
          </trim>
        </if>
      </foreach>
    </where>
  </sql>
  <sql id="Base_Column_List">
    AC_ID, AC_TYPE, AC_CRE_ID, AC_CRE_DATE, AC_DUE_DATE, AC_SIG_DUE_DATE, AC_TITLE, AC_DESC, AC_ACADEMY,
    AC_DOC_ID, AC_DOC1_NAME, AC_DOC2_NAME, AC_DOC3_NAME, AC_SIG_NUM, AC_STATUS
  </sql>
  <select id="selectByExample" parameterType="po.ActivityExample" resultMap="BaseResultMap">
    select
    <if test="distinct">
      distinct
    </if>
    <include refid="Base_Column_List" />
    from activity
    <if test="_parameter != null">
      <include refid="Example_Where_Clause" />
    </if>
    <if test="orderByClause != null">
      order by ${orderByClause}
    </if>
  </select>
  <select id="selectByPrimaryKey" parameterType="java.lang.Integer" resultMap="BaseResultMap">
    select 
    <include refid="Base_Column_List" />
    from activity
    where AC_ID = #{acId,jdbcType=INTEGER}
  </select>
  <delete id="deleteByPrimaryKey" parameterType="java.lang.Integer">
    delete from activity
    where AC_ID = #{acId,jdbcType=INTEGER}
  </delete>
  <delete id="deleteByExample" parameterType="po.ActivityExample">
    delete from activity
    <if test="_parameter != null">
      <include refid="Example_Where_Clause" />
    </if>
  </delete>
  <insert id="insert" parameterType="po.Activity">
  	<selectKey keyProperty="acId" order="AFTER" resultType="java.lang.Integer">
			SELECT LAST_INSERT_ID()
			</selectKey>
    insert into activity (AC_ID, AC_TYPE, AC_CRE_ID, 
      AC_CRE_DATE, AC_DUE_DATE, AC_SIG_DUE_DATE, 
      AC_TITLE, AC_DESC, AC_DOC_ID,AC_ACADEMY, 
      AC_DOC1_NAME, AC_DOC2_NAME, AC_DOC3_NAME, 
      AC_SIG_NUM, AC_STATUS)
    values (#{acId,jdbcType=INTEGER}, #{acType,jdbcType=VARCHAR}, #{acCreId,jdbcType=VARCHAR}, 
      #{acCreDate,jdbcType=TIMESTAMP}, #{acDueDate,jdbcType=TIMESTAMP}, #{acSigDueDate,jdbcType=TIMESTAMP}, 
      #{acTitle,jdbcType=VARCHAR}, #{acDesc,jdbcType=VARCHAR}, #{acDocId,jdbcType=VARCHAR}, 
      #{acDoc1Name,jdbcType=VARCHAR}, #{acDoc2Name,jdbcType=VARCHAR}, #{acDoc3Name,jdbcType=VARCHAR}, 
      #{acSigNum,jdbcType=INTEGER}, #{acStatus,jdbcType=CHAR})
  </insert>
  <insert id="insertSelective" parameterType="po.Activity">
  <selectKey keyProperty="acId" order="AFTER" resultType="java.lang.Integer">
			SELECT LAST_INSERT_ID()
			</selectKey>
    insert into activity
     <trim prefix="(" suffix=")" suffixOverrides="," >
      <if test="acId != null" >
        AC_ID,
      </if>
      <if test="acType != null" >
        AC_TYPE,
      </if>
      <if test="acCreId != null" >
        AC_CRE_ID,
      </if>
      <if test="acCreDate != null" >
        AC_CRE_DATE,
      </if>
      <if test="acDueDate != null" >
        AC_DUE_DATE,
      </if>
      <if test="acSigDueDate != null" >
        AC_SIG_DUE_DATE,
      </if>
      <if test="acTitle != null" >
        AC_TITLE,
      </if>
      <if test="acDesc != null" >
        AC_DESC,
      </if>
      <if test="acDocId != null" >
        AC_DOC_ID,
      </if>
      <if test="acDoc1Name != null" >
        AC_DOC1_NAME,
      </if>
      <if test="acDoc2Name != null" >
        AC_DOC2_NAME,
      </if>
      <if test="acDoc3Name != null" >
        AC_DOC3_NAME,
      </if>
      <if test="acSigNum != null" >
        AC_SIG_NUM,
      </if>
      <if test="acStatus != null" >
        AC_STATUS,
      </if>
      <if test="acAcademy != null" >
        AC_ACADEMY,
      </if>
    </trim>
    <trim prefix="values (" suffix=")" suffixOverrides="," >
      <if test="acId != null" >
        #{acId,jdbcType=INTEGER},
      </if>
      <if test="acType != null" >
        #{acType,jdbcType=VARCHAR},
      </if>
      <if test="acCreId != null" >
        #{acCreId,jdbcType=VARCHAR},
      </if>
      <if test="acCreDate != null" >
        #{acCreDate,jdbcType=TIMESTAMP},
      </if>
      <if test="acDueDate != null" >
        #{acDueDate,jdbcType=TIMESTAMP},
      </if>
      <if test="acSigDueDate != null" >
        #{acSigDueDate,jdbcType=TIMESTAMP},
      </if>
      <if test="acTitle != null" >
        #{acTitle,jdbcType=VARCHAR},
      </if>
      <if test="acDesc != null" >
        #{acDesc,jdbcType=VARCHAR},
      </if>
      <if test="acDocId != null" >
        #{acDocId,jdbcType=VARCHAR},
      </if>
      <if test="acDoc1Name != null" >
        #{acDoc1Name,jdbcType=VARCHAR},
      </if>
      <if test="acDoc2Name != null" >
        #{acDoc2Name,jdbcType=VARCHAR},
      </if>
      <if test="acDoc3Name != null" >
        #{acDoc3Name,jdbcType=VARCHAR},
      </if>
      <if test="acSigNum != null" >
        #{acSigNum,jdbcType=INTEGER},
      </if>
      <if test="acStatus != null" >
        #{acStatus,jdbcType=CHAR},
      </if>
      <if test="acAcademy != null" >
        #{acAcademy,jdbcType=VARCHAR},
      </if>
    </trim>
  </insert>
  <select id="countByExample" parameterType="po.ActivityExample" resultType="java.lang.Integer">
    select count(*) from activity
    <if test="_parameter != null">
      <include refid="Example_Where_Clause" />
    </if>
  </select>
    <update id="updateByPrimaryKeySelective" parameterType="po.Activity" >
    update activity
    <set >
      <if test="acType != null" >
        AC_TYPE = #{acType,jdbcType=VARCHAR},
      </if>
      <if test="acCreId != null" >
        AC_CRE_ID = #{acCreId,jdbcType=VARCHAR},
      </if>
      <if test="acCreDate != null" >
        AC_CRE_DATE = #{acCreDate,jdbcType=TIMESTAMP},
      </if>
      <if test="acDueDate != null" >
        AC_DUE_DATE = #{acDueDate,jdbcType=TIMESTAMP},
      </if>
      <if test="acSigDueDate != null" >
        AC_SIG_DUE_DATE = #{acSigDueDate,jdbcType=TIMESTAMP},
      </if>
      <if test="acTitle != null" >
        AC_TITLE = #{acTitle,jdbcType=VARCHAR},
      </if>
      <if test="acDesc != null" >
        AC_DESC = #{acDesc,jdbcType=VARCHAR},
      </if>
      <if test="acDocId != null" >
        AC_DOC_ID = #{acDocId,jdbcType=VARCHAR},
      </if>
      <if test="acDoc1Name != null" >
        AC_DOC1_NAME = #{acDoc1Name,jdbcType=VARCHAR},
      </if>
      <if test="acDoc2Name != null" >
        AC_DOC2_NAME = #{acDoc2Name,jdbcType=VARCHAR},
      </if>
      <if test="acDoc3Name != null" >
        AC_DOC3_NAME = #{acDoc3Name,jdbcType=VARCHAR},
      </if>
      <if test="acSigNum != null" >
        AC_SIG_NUM = #{acSigNum,jdbcType=INTEGER},
      </if>
      <if test="acStatus != null" >
        AC_STATUS = #{acStatus,jdbcType=CHAR},
      </if>
      <if test="acAcademy != null" >
        AC_ACADEMY = #{acAcademy,jdbcType=VARCHAR},
      </if>
    </set>
    where AC_ID = #{acId,jdbcType=INTEGER}
  </update>
  <update id="updateByExample" parameterType="map">
    update activity
    set AC_ID = #{record.acId,jdbcType=INTEGER},
      AC_TYPE = #{record.acType,jdbcType=VARCHAR},
      AC_CRE_ID = #{record.acCreId,jdbcType=VARCHAR},
      AC_CRE_DATE = #{record.acCreDate,jdbcType=TIMESTAMP},
      AC_DUE_DATE = #{record.acDueDate,jdbcType=TIMESTAMP},
      AC_SIG_DUE_DATE = #{record.acSigDueDate,jdbcType=TIMESTAMP},
      AC_TITLE = #{record.acTitle,jdbcType=VARCHAR},
      AC_DESC = #{record.acDesc,jdbcType=VARCHAR},
      AC_DOC_ID = #{record.acDocId,jdbcType=VARCHAR},
      AC_DOC1_NAME = #{record.acDoc1Name,jdbcType=VARCHAR},
      AC_DOC2_NAME = #{record.acDoc2Name,jdbcType=VARCHAR},
      AC_DOC3_NAME = #{record.acDoc3Name,jdbcType=VARCHAR},
      AC_SIG_NUM = #{record.acSigNum,jdbcType=INTEGER},
      AC_STATUS = #{record.acStatus,jdbcType=CHAR}
    <if test="_parameter != null">
      <include refid="Update_By_Example_Where_Clause" />
    </if>
  </update>
  <update id="updateByPrimaryKey" parameterType="po.Activity">
    update activity
    set AC_TYPE = #{acType,jdbcType=VARCHAR},
      AC_CRE_ID = #{acCreId,jdbcType=VARCHAR},
      AC_CRE_DATE = #{acCreDate,jdbcType=TIMESTAMP},
      AC_DUE_DATE = #{acDueDate,jdbcType=TIMESTAMP},
      AC_SIG_DUE_DATE = #{acSigDueDate,jdbcType=TIMESTAMP},
      AC_TITLE = #{acTitle,jdbcType=VARCHAR},
      AC_DESC = #{acDesc,jdbcType=VARCHAR},
      AC_DOC_ID = #{acDocId,jdbcType=VARCHAR},
      AC_DOC1_NAME = #{acDoc1Name,jdbcType=VARCHAR},
      AC_DOC2_NAME = #{acDoc2Name,jdbcType=VARCHAR},
      AC_DOC3_NAME = #{acDoc3Name,jdbcType=VARCHAR},
      AC_SIG_NUM = #{acSigNum,jdbcType=INTEGER},
      AC_STATUS = #{acStatus,jdbcType=CHAR}
    where AC_ID = #{acId,jdbcType=INTEGER}
  </update>
  <update id="updateActivityNum" parameterType="int">
		UPDATE activity
		<set>
			<if test="_parameter>=0">
				AC_SIG_NUM=AC_SIG_NUM+1
			</if>
		</set>
		WHERE AC_ID = #{_parameter}
	</update>
	<update id="updateAcStatus">
		update activity
		set AC_STATUS = '1'
		where AC_DUE_DATE &lt; now()
	</update>

	<!-- 分页SQL语句 -->
	<select id="selectActivityNotOverDue" resultMap="BaseResultMap">
		select
		<include refid="Base_Column_List" />
		from activity where AC_STATUS = '0' and AC_ID > 0 order by AC_CRE_DATE DESC
		limit
		#{startPos},#{pageSize}
	</select>
	<!-- 取得记录的总数 -->
	<select id="selectActivityNotOverDueCount" resultType="long">
		SELECT
		COUNT(*) FROM activity where AC_STATUS = '0' and AC_ID > 0 
	</select>

	<!-- 分页SQL语句 -->
	<select id="selectActivityOverDue" resultMap="BaseResultMap">
		select
		<include refid="Base_Column_List" />
		from activity where AC_STATUS = '1'  and AC_ID > 0 order by AC_CRE_DATE DESC
		limit
		#{startPos},#{pageSize}
	</select>
	<!-- 取得记录的总数 -->
	<select id="selectActivityOverDueCount" resultType="long">
		SELECT
		COUNT(*) FROM activity where AC_STATUS = '1'  and AC_ID > 0 
	</select>

	<!-- 分页SQL语句 -->
	<select id="selectActivityNotOverDueByAcCreId" resultMap="ResultMap1">
		select
		<include refid="Base_Column_List" />
		from activity where <!-- AC_CRE_ID = #{acCreId} and --> AC_STATUS = '0'  and AC_ID > 0
		order by
		AC_CRE_DATE DESC limit #{startPos},#{pageSize}
	</select>
	<!-- 取得记录的总数 -->
	<select id="selectActivityNotOverDueByAcCreIdCount" resultType="long">
		SELECT COUNT(*) FROM activity where <!-- AC_CRE_ID = #{acCreId} and -->
		AC_STATUS = '0'  and AC_ID > 0
	</select>

	<!-- 分页SQL语句 -->
	<select id="selectActivityOverDueByAcCreId" resultMap="ResultMap1">
		select
		<include refid="Base_Column_List" />
		from activity where <!-- AC_CRE_ID = #{acCreId} and --> AC_STATUS = '1'  and AC_ID > 0
		order by
		AC_CRE_DATE DESC limit #{startPos},#{pageSize}
	</select>
	<!-- 取得记录的总数 -->
	<select id="selectActivityOverDueByAcCreIdCount" resultType="long">
		SELECT COUNT(*) FROM activity where <!-- AC_CRE_ID = #{acCreId} and -->
		AC_STATUS = '1'  and AC_ID > 0
	</select>

	<!-- 分页SQL语句 -->
	<select id="selectActivityCus1NotOverDue" resultMap="ResultMap1">
		select
		<include refid="Base_Column_List" />,SIG_STATUS
		from activity
		left outer join sign on sign.SIG_AC_ID = activity.AC_ID and sign.SIG_PER_ID =
		#{sigPerId}
		where AC_STATUS = '0'  and AC_ID > 0
		order by AC_CRE_DATE DESC
		limit #{startPos},#{pageSize}
	</select>
	<!-- 分页SQL语句 -->
	<select id="selectActivityCus1OverDue" resultMap="ResultMap1">
		select
		<include refid="Base_Column_List" />,SIG_STATUS
		from activity
		left outer join sign on sign.SIG_AC_ID = activity.AC_ID and sign.SIG_PER_ID =
		#{sigPerId}
		where AC_STATUS = '1'  and AC_ID > 0
		order by AC_CRE_DATE DESC
		limit #{startPos},#{pageSize}
	</select>
</mapper>