<?xml version="1.0" encoding="UTF-8" ?>
<!DOCTYPE mapper PUBLIC "-//mybatis.org//DTD Mapper 3.0//EN" "http://mybatis.org/dtd/mybatis-3-mapper.dtd" >
<mapper namespace="mapper.ActypeMapper" >
  <resultMap id="BaseResultMap" type="po.Actype" >
    <id column="ACTYPE_ID" property="actypeId" jdbcType="INTEGER" />
    <result column="ACTYPE_NAME" property="actypeName" jdbcType="VARCHAR" />
  </resultMap>
  <sql id="Example_Where_Clause" >
    <where >
      <foreach collection="oredCriteria" item="criteria" separator="or" >
        <if test="criteria.valid" >
          <trim prefix="(" suffix=")" prefixOverrides="and" >
            <foreach collection="criteria.criteria" item="criterion" >
              <choose >
                <when test="criterion.noValue" >
                  and ${criterion.condition}
                </when>
                <when test="criterion.singleValue" >
                  and ${criterion.condition} #{criterion.value}
                </when>
                <when test="criterion.betweenValue" >
                  and ${criterion.condition} #{criterion.value} and #{criterion.secondValue}
                </when>
                <when test="criterion.listValue" >
                  and ${criterion.condition}
                  <foreach collection="criterion.value" item="listItem" open="(" close=")" separator="," >
                    #{listItem}
                  </foreach>
                </when>
              </choose>
            </foreach>
          </trim>
        </if>
      </foreach>
    </where>
  </sql>
  <sql id="Update_By_Example_Where_Clause" >
    <where >
      <foreach collection="example.oredCriteria" item="criteria" separator="or" >
        <if test="criteria.valid" >
          <trim prefix="(" suffix=")" prefixOverrides="and" >
            <foreach collection="criteria.criteria" item="criterion" >
              <choose >
                <when test="criterion.noValue" >
                  and ${criterion.condition}
                </when>
                <when test="criterion.singleValue" >
                  and ${criterion.condition} #{criterion.value}
                </when>
                <when test="criterion.betweenValue" >
                  and ${criterion.condition} #{criterion.value} and #{criterion.secondValue}
                </when>
                <when test="criterion.listValue" >
                  and ${criterion.condition}
                  <foreach collection="criterion.value" item="listItem" open="(" close=")" separator="," >
                    #{listItem}
                  </foreach>
                </when>
              </choose>
            </foreach>
          </trim>
        </if>
      </foreach>
    </where>
  </sql>
  <sql id="Base_Column_List" >
    ACTYPE_ID, ACTYPE_NAME
  </sql>
  <select id="selectByExample" resultMap="BaseResultMap" parameterType="po.ActypeExample" >
    select
    <if test="distinct" >
      distinct
    </if>
    <include refid="Base_Column_List" />
    from actype
    <if test="_parameter != null" >
      <include refid="Example_Where_Clause" />
    </if>
    <if test="orderByClause != null" >
      order by ${orderByClause}
    </if>
  </select>
  <select id="selectByPrimaryKey" resultMap="BaseResultMap" parameterType="java.lang.Integer" >
    select 
    <include refid="Base_Column_List" />
    from actype
    where ACTYPE_ID = #{actypeId,jdbcType=INTEGER}
  </select>
  <delete id="deleteByPrimaryKey" parameterType="java.lang.Integer" >
    delete from actype
    where ACTYPE_ID = #{actypeId,jdbcType=INTEGER}
  </delete>
  <delete id="deleteByExample" parameterType="po.ActypeExample" >
    delete from actype
    <if test="_parameter != null" >
      <include refid="Example_Where_Clause" />
    </if>
  </delete>
  <insert id="insert" parameterType="po.Actype" >
    insert into actype (ACTYPE_ID, ACTYPE_NAME)
    values (#{actypeId,jdbcType=INTEGER}, #{actypeName,jdbcType=VARCHAR})
  </insert>
  <insert id="insertSelective" parameterType="po.Actype" >
    insert into actype
    <trim prefix="(" suffix=")" suffixOverrides="," >
      <if test="actypeId != null" >
        ACTYPE_ID,
      </if>
      <if test="actypeName != null" >
        ACTYPE_NAME,
      </if>
    </trim>
    <trim prefix="values (" suffix=")" suffixOverrides="," >
      <if test="actypeId != null" >
        #{actypeId,jdbcType=INTEGER},
      </if>
      <if test="actypeName != null" >
        #{actypeName,jdbcType=VARCHAR},
      </if>
    </trim>
  </insert>
  <select id="countByExample" parameterType="po.ActypeExample" resultType="java.lang.Integer" >
    select count(*) from actype
    <if test="_parameter != null" >
      <include refid="Example_Where_Clause" />
    </if>
  </select>
  <update id="updateByExampleSelective" parameterType="map" >
    update actype
    <set >
      <if test="record.actypeId != null" >
        ACTYPE_ID = #{record.actypeId,jdbcType=INTEGER},
      </if>
      <if test="record.actypeName != null" >
        ACTYPE_NAME = #{record.actypeName,jdbcType=VARCHAR},
      </if>
    </set>
    <if test="_parameter != null" >
      <include refid="Update_By_Example_Where_Clause" />
    </if>
  </update>
  <update id="updateByExample" parameterType="map" >
    update actype
    set ACTYPE_ID = #{record.actypeId,jdbcType=INTEGER},
      ACTYPE_NAME = #{record.actypeName,jdbcType=VARCHAR}
    <if test="_parameter != null" >
      <include refid="Update_By_Example_Where_Clause" />
    </if>
  </update>
  <update id="updateByPrimaryKeySelective" parameterType="po.Actype" >
    update actype
    <set >
      <if test="actypeName != null" >
        ACTYPE_NAME = #{actypeName,jdbcType=VARCHAR},
      </if>
    </set>
    where ACTYPE_ID = #{actypeId,jdbcType=INTEGER}
  </update>
  <update id="updateByPrimaryKey" parameterType="po.Actype" >
    update actype
    set ACTYPE_NAME = #{actypeName,jdbcType=VARCHAR}
    where ACTYPE_ID = #{actypeId,jdbcType=INTEGER}
  </update>
  <!--从这里开始都是添加的 -->
  <select id="selectAll" resultMap="BaseResultMap">
  	 select 
    <include refid="Base_Column_List" />
    from actype
  </select>
</mapper>