<?xml version="1.0" encoding="UTF-8" ?>
<!DOCTYPE mapper PUBLIC "-//mybatis.org//DTD Mapper 3.0//EN" "http://mybatis.org/dtd/mybatis-3-mapper.dtd" >
<mapper namespace="mapper.DueMapper" >
  <resultMap id="BaseResultMap" type="po.Due" >
    <result column="tasId" property="tasid" jdbcType="INTEGER" />
    <result column="USER_ID" property="userId" jdbcType="VARCHAR" />
    <result column="TAS_STATUS" property="tasStatus" jdbcType="CHAR" />
    <result column="BEGIN" property="begin" jdbcType="TIMESTAMP" />
    <result column="FINI" property="fini" jdbcType="TIMESTAMP" />
  </resultMap>
  <sql id="Example_Where_Clause" >
    <where >
      <foreach collection="oredCriteria" item="criteria" separator="or" >
        <if test="criteria.valid" >
          <trim prefix="(" suffix=")" prefixOverrides="and" >
            <foreach collection="criteria.criteria" item="criterion" >
              <choose >
                <when test="criterion.noValue" >
                  and ${criterion.condition}
                </when>
                <when test="criterion.singleValue" >
                  and ${criterion.condition} #{criterion.value}
                </when>
                <when test="criterion.betweenValue" >
                  and ${criterion.condition} #{criterion.value} and #{criterion.secondValue}
                </when>
                <when test="criterion.listValue" >
                  and ${criterion.condition}
                  <foreach collection="criterion.value" item="listItem" open="(" close=")" separator="," >
                    #{listItem}
                  </foreach>
                </when>
              </choose>
            </foreach>
          </trim>
        </if>
      </foreach>
    </where>
  </sql>
  <sql id="Update_By_Example_Where_Clause" >
    <where >
      <foreach collection="example.oredCriteria" item="criteria" separator="or" >
        <if test="criteria.valid" >
          <trim prefix="(" suffix=")" prefixOverrides="and" >
            <foreach collection="criteria.criteria" item="criterion" >
              <choose >
                <when test="criterion.noValue" >
                  and ${criterion.condition}
                </when>
                <when test="criterion.singleValue" >
                  and ${criterion.condition} #{criterion.value}
                </when>
                <when test="criterion.betweenValue" >
                  and ${criterion.condition} #{criterion.value} and #{criterion.secondValue}
                </when>
                <when test="criterion.listValue" >
                  and ${criterion.condition}
                  <foreach collection="criterion.value" item="listItem" open="(" close=")" separator="," >
                    #{listItem}
                  </foreach>
                </when>
              </choose>
            </foreach>
          </trim>
        </if>
      </foreach>
    </where>
  </sql>
  <sql id="Base_Column_List" >
    tasId, due.USER_ID, due.TAS_STATUS, BEGIN, FINI
  </sql>
  <select id="selectByExample" resultMap="BaseResultMap" parameterType="po.DueExample" >
    select
    <if test="distinct" >
      distinct
    </if>
    <include refid="Base_Column_List" />
    from due
    <if test="_parameter != null" >
      <include refid="Example_Where_Clause" />
    </if>
    <if test="orderByClause != null" >
      order by ${orderByClause}
    </if>
  </select>
  <delete id="deleteByExample" parameterType="po.DueExample" >
    delete from due
    <if test="_parameter != null" >
      <include refid="Example_Where_Clause" />
    </if>
  </delete>
  <insert id="insert" parameterType="po.Due" >
    insert into due (tasId, USER_ID, TAS_STATUS, 
      BEGIN, FINI)
    values (#{tasid,jdbcType=INTEGER}, #{userId,jdbcType=VARCHAR}, #{tasStatus,jdbcType=CHAR}, 
      #{begin,jdbcType=TIMESTAMP}, #{fini,jdbcType=TIMESTAMP})
  </insert>
  <insert id="insertSelective" parameterType="po.Due" >
    insert into due
    <trim prefix="(" suffix=")" suffixOverrides="," >
      <if test="tasid != null" >
        tasId,
      </if>
      <if test="userId != null" >
        USER_ID,
      </if>
      <if test="tasStatus != null" >
        TAS_STATUS,
      </if>
      <if test="begin != null" >
        BEGIN,
      </if>
      <if test="fini != null" >
        FINI,
      </if>
    </trim>
    <trim prefix="values (" suffix=")" suffixOverrides="," >
      <if test="tasid != null" >
        #{tasid,jdbcType=INTEGER},
      </if>
      <if test="userId != null" >
        #{userId,jdbcType=VARCHAR},
      </if>
      <if test="tasStatus != null" >
        #{tasStatus,jdbcType=CHAR},
      </if>
      <if test="begin != null" >
        #{begin,jdbcType=TIMESTAMP},
      </if>
      <if test="fini != null" >
        #{fini,jdbcType=TIMESTAMP},
      </if>
    </trim>
  </insert>
  <select id="countByExample" parameterType="po.DueExample" resultType="java.lang.Integer" >
    select count(*) from due
    <if test="_parameter != null" >
      <include refid="Example_Where_Clause" />
    </if>
  </select>
  <update id="updateByExampleSelective" parameterType="map" >
    update due
    <set >
      <if test="record.tasid != null" >
        tasId = #{record.tasid,jdbcType=INTEGER},
      </if>
      <if test="record.userId != null" >
        USER_ID = #{record.userId,jdbcType=VARCHAR},
      </if>
      <if test="record.tasStatus != null" >
        TAS_STATUS = #{record.tasStatus,jdbcType=CHAR},
      </if>
      <if test="record.begin != null" >
        BEGIN = #{record.begin,jdbcType=TIMESTAMP},
      </if>
      <if test="record.fini != null" >
        FINI = #{record.fini,jdbcType=TIMESTAMP},
      </if>
    </set>
    <if test="_parameter != null" >
      <include refid="Update_By_Example_Where_Clause" />
    </if>
  </update>
  <update id="updateByExample" parameterType="map" >
    update due
    set tasId = #{record.tasid,jdbcType=INTEGER},
      USER_ID = #{record.userId,jdbcType=VARCHAR},
      TAS_STATUS = #{record.tasStatus,jdbcType=CHAR},
      BEGIN = #{record.begin,jdbcType=TIMESTAMP},
      FINI = #{record.fini,jdbcType=TIMESTAMP}
    <if test="_parameter != null" >
      <include refid="Update_By_Example_Where_Clause" />
    </if>
  </update>
  <!-- 分页SQL语句 -->
	 <select id="selectTaskNotOverDueByTasDueId" resultMap="BaseResultMap">
		select
		<include refid="Base_Column_List" />
		from  due left outer join task on due.tasId = task.TAS_ID where due.USER_ID = #{tasDueId} and due.TAS_STATUS &lt;&gt; '3' order by task.TAS_CRE_DATE DESC
		limit #{startPos},#{pageSize}
	</select> 
	<!-- 取得记录的总数 -->
	<select id="selectTaskNotOverDueByTasDueIdCount" resultType="long">
		SELECT COUNT(*) FROM due where USER_ID = #{tasDueId} and TAS_STATUS &lt;&gt; '3'
	</select>
	
	<!-- 分页SQL语句 -->
	<select id="selectTaskOverDueByTasDueId" resultMap="BaseResultMap">
		select
		<include refid="Base_Column_List" />
		from  due left outer join task on due.tasId = task.TAS_ID where due.USER_ID = #{tasDueId} and due.TAS_STATUS = '3' order by task.TAS_CRE_DATE DESC
		limit #{startPos},#{pageSize}
	</select>
	<!-- 取得记录的总数 -->
	<select id="selectTaskOverDueByTasDueIdCount" resultType="long">
		SELECT COUNT(*) FROM due where USER_ID = #{tasDueId} and TAS_STATUS = '3'
	</select>
</mapper>