<?xml version="1.0" encoding="UTF-8" ?>
<!DOCTYPE mapper PUBLIC "-//mybatis.org//DTD Mapper 3.0//EN" "http://mybatis.org/dtd/mybatis-3-mapper.dtd" >
<mapper namespace="mapper.UserMapper" >
  <resultMap id="BaseResultMap" type="po.User" >
    <id column="USER_ID" property="userId" jdbcType="VARCHAR" />
    <result column="USER_NAME" property="userName" jdbcType="VARCHAR" />
    <result column="USER_PASSWORD" property="userPassword" jdbcType="VARCHAR" />
    <result column="USER_MAIL_BOX" property="userMailBox" jdbcType="VARCHAR" />
    <result column="USER_TEL" property="userTel" jdbcType="VARCHAR" />
    <result column="USER_QQ" property="userQq" jdbcType="VARCHAR" />
    <result column="USER_ROLE" property="userRole" jdbcType="CHAR" />
    <result column="USER_ACADEMY" property="userAcademy" jdbcType="VARCHAR" />
    <result column="USER_GRADE" property="userGrade" jdbcType="VARCHAR" />
  </resultMap>
  <sql id="Example_Where_Clause" >
    <where >
      <foreach collection="oredCriteria" item="criteria" separator="or" >
        <if test="criteria.valid" >
          <trim prefix="(" suffix=")" prefixOverrides="and" >
            <foreach collection="criteria.criteria" item="criterion" >
              <choose >
                <when test="criterion.noValue" >
                  and ${criterion.condition}
                </when>
                <when test="criterion.singleValue" >
                  and ${criterion.condition} #{criterion.value}
                </when>
                <when test="criterion.betweenValue" >
                  and ${criterion.condition} #{criterion.value} and #{criterion.secondValue}
                </when>
                <when test="criterion.listValue" >
                  and ${criterion.condition}
                  <foreach collection="criterion.value" item="listItem" open="(" close=")" separator="," >
                    #{listItem}
                  </foreach>
                </when>
              </choose>
            </foreach>
          </trim>
        </if>
      </foreach>
    </where>
  </sql>
  <sql id="Update_By_Example_Where_Clause" >
    <where >
      <foreach collection="example.oredCriteria" item="criteria" separator="or" >
        <if test="criteria.valid" >
          <trim prefix="(" suffix=")" prefixOverrides="and" >
            <foreach collection="criteria.criteria" item="criterion" >
              <choose >
                <when test="criterion.noValue" >
                  and ${criterion.condition}
                </when>
                <when test="criterion.singleValue" >
                  and ${criterion.condition} #{criterion.value}
                </when>
                <when test="criterion.betweenValue" >
                  and ${criterion.condition} #{criterion.value} and #{criterion.secondValue}
                </when>
                <when test="criterion.listValue" >
                  and ${criterion.condition}
                  <foreach collection="criterion.value" item="listItem" open="(" close=")" separator="," >
                    #{listItem}
                  </foreach>
                </when>
              </choose>
            </foreach>
          </trim>
        </if>
      </foreach>
    </where>
  </sql>
  <sql id="Base_Column_List" >
    USER_ID, USER_NAME, USER_PASSWORD, USER_MAIL_BOX, USER_TEL, USER_QQ, USER_ROLE, USER_ACADEMY, 
    USER_GRADE
  </sql>
  <select id="selectByExample" resultMap="BaseResultMap" parameterType="po.UserExample" >
    select
    <if test="distinct" >
      distinct
    </if>
    <include refid="Base_Column_List" />
    from user
    <if test="_parameter != null" >
      <include refid="Example_Where_Clause" />
    </if>
    <if test="orderByClause != null" >
      order by ${orderByClause}
    </if>
  </select>
  <select id="selectByPrimaryKey" resultMap="BaseResultMap" parameterType="java.lang.String" >
    select 
    <include refid="Base_Column_List" />
    from user
    where USER_ID = #{userId,jdbcType=VARCHAR}
  </select>
  <delete id="deleteByPrimaryKey" parameterType="java.lang.String" >
    delete from user
    where USER_ID = #{userId,jdbcType=VARCHAR}
  </delete>
  <delete id="deleteByExample" parameterType="po.UserExample" >
    delete from user
    <if test="_parameter != null" >
      <include refid="Example_Where_Clause" />
    </if>
  </delete>
  <insert id="insert" parameterType="po.User" >
    insert into user (USER_ID, USER_NAME, USER_PASSWORD, 
      USER_MAIL_BOX, USER_TEL, USER_QQ, 
      USER_ROLE, USER_ACADEMY, USER_GRADE
      )
    values (#{userId,jdbcType=VARCHAR}, #{userName,jdbcType=VARCHAR}, #{userPassword,jdbcType=VARCHAR}, 
      #{userMailBox,jdbcType=VARCHAR}, #{userTel,jdbcType=VARCHAR}, #{userQq,jdbcType=VARCHAR}, 
      #{userRole,jdbcType=CHAR}, #{userAcademy,jdbcType=VARCHAR}, #{userGrade,jdbcType=VARCHAR}
      )
  </insert>
  <insert id="insertSelective" parameterType="po.User" >
    insert into user
    <trim prefix="(" suffix=")" suffixOverrides="," >
      <if test="userId != null" >
        USER_ID,
      </if>
      <if test="userName != null" >
        USER_NAME,
      </if>
      <if test="userPassword != null" >
        USER_PASSWORD,
      </if>
      <if test="userMailBox != null" >
        USER_MAIL_BOX,
      </if>
      <if test="userTel != null" >
        USER_TEL,
      </if>
      <if test="userQq != null" >
        USER_QQ,
      </if>
      <if test="userRole != null" >
        USER_ROLE,
      </if>
      <if test="userAcademy != null" >
        USER_ACADEMY,
      </if>
      <if test="userGrade != null" >
        USER_GRADE,
      </if>
    </trim>
    <trim prefix="values (" suffix=")" suffixOverrides="," >
      <if test="userId != null" >
        #{userId,jdbcType=VARCHAR},
      </if>
      <if test="userName != null" >
        #{userName,jdbcType=VARCHAR},
      </if>
      <if test="userPassword != null" >
        #{userPassword,jdbcType=VARCHAR},
      </if>
      <if test="userMailBox != null" >
        #{userMailBox,jdbcType=VARCHAR},
      </if>
      <if test="userTel != null" >
        #{userTel,jdbcType=VARCHAR},
      </if>
      <if test="userQq != null" >
        #{userQq,jdbcType=VARCHAR},
      </if>
      <if test="userRole != null" >
        #{userRole,jdbcType=CHAR},
      </if>
      <if test="userAcademy != null" >
        #{userAcademy,jdbcType=VARCHAR},
      </if>
      <if test="userGrade != null" >
        #{userGrade,jdbcType=VARCHAR},
      </if>
    </trim>
  </insert>
  <select id="countByExample" parameterType="po.UserExample" resultType="java.lang.Integer" >
    select count(*) from user
    <if test="_parameter != null" >
      <include refid="Example_Where_Clause" />
    </if>
  </select>
  <update id="updateByExampleSelective" parameterType="map" >
    update user
    <set >
      <if test="record.userId != null" >
        USER_ID = #{record.userId,jdbcType=VARCHAR},
      </if>
      <if test="record.userName != null" >
        USER_NAME = #{record.userName,jdbcType=VARCHAR},
      </if>
      <if test="record.userPassword != null" >
        USER_PASSWORD = #{record.userPassword,jdbcType=VARCHAR},
      </if>
      <if test="record.userMailBox != null" >
        USER_MAIL_BOX = #{record.userMailBox,jdbcType=VARCHAR},
      </if>
      <if test="record.userTel != null" >
        USER_TEL = #{record.userTel,jdbcType=VARCHAR},
      </if>
      <if test="record.userQq != null" >
        USER_QQ = #{record.userQq,jdbcType=VARCHAR},
      </if>
      <if test="record.userRole != null" >
        USER_ROLE = #{record.userRole,jdbcType=CHAR},
      </if>
      <if test="record.userAcademy != null" >
        USER_ACADEMY = #{record.userAcademy,jdbcType=VARCHAR},
      </if>
      <if test="record.userGrade != null" >
        USER_GRADE = #{record.userGrade,jdbcType=VARCHAR},
      </if>
    </set>
    <if test="_parameter != null" >
      <include refid="Update_By_Example_Where_Clause" />
    </if>
  </update>
  <update id="updateByExample" parameterType="map" >
    update user
    set USER_ID = #{record.userId,jdbcType=VARCHAR},
      USER_NAME = #{record.userName,jdbcType=VARCHAR},
      USER_PASSWORD = #{record.userPassword,jdbcType=VARCHAR},
      USER_MAIL_BOX = #{record.userMailBox,jdbcType=VARCHAR},
      USER_TEL = #{record.userTel,jdbcType=VARCHAR},
      USER_QQ = #{record.userQq,jdbcType=VARCHAR},
      USER_ROLE = #{record.userRole,jdbcType=CHAR},
      USER_ACADEMY = #{record.userAcademy,jdbcType=VARCHAR},
      USER_GRADE = #{record.userGrade,jdbcType=VARCHAR}
    <if test="_parameter != null" >
      <include refid="Update_By_Example_Where_Clause" />
    </if>
  </update>
  <update id="updateByPrimaryKeySelective" parameterType="po.User" >
    update user
    <set >
      <if test="userName != null" >
        USER_NAME = #{userName,jdbcType=VARCHAR},
      </if>
      <if test="userPassword != null" >
        USER_PASSWORD = #{userPassword,jdbcType=VARCHAR},
      </if>
      <if test="userMailBox != null" >
        USER_MAIL_BOX = #{userMailBox,jdbcType=VARCHAR},
      </if>
      <if test="userTel != null" >
        USER_TEL = #{userTel,jdbcType=VARCHAR},
      </if>
      <if test="userQq != null" >
        USER_QQ = #{userQq,jdbcType=VARCHAR},
      </if>
      <if test="userRole != null" >
        USER_ROLE = #{userRole,jdbcType=CHAR},
      </if>
      <if test="userAcademy != null" >
        USER_ACADEMY = #{userAcademy,jdbcType=VARCHAR},
      </if>
      <if test="userGrade != null" >
        USER_GRADE = #{userGrade,jdbcType=VARCHAR},
      </if>
    </set>
    where USER_ID = #{userId,jdbcType=VARCHAR}
  </update>
  <update id="updateByPrimaryKey" parameterType="po.User" >
    update user
    set USER_NAME = #{userName,jdbcType=VARCHAR},
      USER_PASSWORD = #{userPassword,jdbcType=VARCHAR},
      USER_MAIL_BOX = #{userMailBox,jdbcType=VARCHAR},
      USER_TEL = #{userTel,jdbcType=VARCHAR},
      USER_QQ = #{userQq,jdbcType=VARCHAR},
      USER_ROLE = #{userRole,jdbcType=CHAR},
      USER_ACADEMY = #{userAcademy,jdbcType=VARCHAR},
      USER_GRADE = #{userGrade,jdbcType=VARCHAR}
    where USER_ID = #{userId,jdbcType=VARCHAR}
  </update>
  <!--从这里开始都是添加的 -->
  <select id="selectStudentMailboxes" resultType="String">
  	select USER_MAIL_BOX
  	from user 
  	where USER_ROLE = '0'
  </select>
</mapper>